"Date","圣斗士星矢（腾讯） DAU"
"2019-09-10","392,441"
"2019-09-11","504,748"
"2019-09-12","596,378"
"2019-09-13","676,346"
"2019-09-14","737,626"
"2019-09-15","760,179"
"2019-09-16","711,957"
"2019-09-17","730,057"
"2019-09-18","750,584"
"2019-09-19","792,507"
"2019-09-20","844,402"
"2019-09-21","890,442"
"2019-09-22","895,121"
"2019-09-23","846,433"
"2019-09-24","966,962"
"2019-09-25","924,437"
"2019-09-26","905,549"
"2019-09-27","906,496"
"2019-09-28","1,037,063"
"2019-09-29","976,078"
"2019-09-30","754,419"
"2019-10-01","779,841"
"2019-10-02","773,913"
"2019-10-03","819,111"
"2019-10-04","865,389"
"2019-10-05","980,005"
"2019-10-06","961,607"
"2019-10-07","761,819"
"2019-10-08","785,232"
"2019-10-09","755,134"
"2019-10-10","806,133"
"2019-10-11","875,440"
"2019-10-12","952,775"
"2019-10-13","922,923"
"2019-10-14","795,286"
"2019-10-15","795,106"
"2019-10-16","774,236"
"2019-10-17","797,080"
"2019-10-18","918,813"
"2019-10-19","1,025,498"
"2019-10-20","1,014,218"
"2019-10-21","871,566"
"2019-10-22","856,614"
"2019-10-23","844,312"
"2019-10-24","843,933"
"2019-10-25","963,788"
"2019-10-26","1,127,486"
"2019-10-27","1,100,816"
"2019-10-28","908,044"
"2019-10-29","841,337"
"2019-10-30","810,926"
"2019-10-31","799,061"
"2019-11-01","933,116"
"2019-11-02","1,130,050"
"2019-11-03","1,111,655"
"2019-11-04","869,966"
"2019-11-05","806,424"
"2019-11-06","775,224"
"2019-11-07","788,391"
"2019-11-08","923,172"
"2019-11-09","1,133,070"
"2019-11-10","1,125,217"
"2019-11-11","849,139"
"2019-11-12","743,126"
"2019-11-13","707,490"
"2019-11-14","727,905"
"2019-11-15","904,101"
"2019-11-16","1,127,090"
"2019-11-17","1,131,126"
"2019-11-18","855,538"
"2019-11-19","824,930"
"2019-11-20","814,548"
"2019-11-21","841,315"
"2019-11-22","919,977"
"2019-11-23","1,089,967"
"2019-11-24","1,066,353"
"2019-11-25","791,290"
"2019-11-26","814,978"
"2019-11-27","799,791"
"2019-11-28","783,922"
"2019-11-29","822,164"
"2019-11-30","954,182"
"2019-12-01","956,610"
"2019-12-02","736,815"
"2019-12-03","826,949"
"2019-12-04","908,746"
"2019-12-05","806,701"
"2019-12-06","795,836"
"2019-12-07","946,905"
"2019-12-08","942,926"
"2019-12-09","724,499"
"2019-12-10","713,946"
"2019-12-11","783,020"
"2019-12-12","686,969"
"2019-12-13","730,209"
"2019-12-14","910,868"
"2019-12-15","937,680"
"2019-12-16","746,711"
"2019-12-17","800,419"
"2019-12-18","836,514"
"2019-12-19","730,964"
"2019-12-20","796,945"
"2019-12-21","927,595"
"2019-12-22","964,155"
"2019-12-23","769,856"
"2019-12-24","827,045"
"2019-12-25","865,194"
"2019-12-26","766,128"
"2019-12-27","826,126"
"2019-12-28","864,646"
"2019-12-29","955,164"
"2019-12-30","787,206"
"2019-12-31","856,761"
"2020-01-01","909,986"
"2020-01-02","807,277"
"2020-01-03","838,709"
"2020-01-04","864,606"
"2020-01-05","934,286"
"2020-01-06","783,017"
"2020-01-07","815,462"
"2020-01-08","902,062"
"2020-01-09","808,742"
"2020-01-10","812,576"
"2020-01-11","874,595"
"2020-01-12","923,451"
"2020-01-13","787,950"
"2020-01-14","810,204"
"2020-01-15","859,561"
"2020-01-16","792,618"
"2020-01-17","793,780"
"2020-01-18","916,262"
"2020-01-19","888,482"
"2020-01-20","764,161"
"2020-01-21","780,431"
"2020-01-22","796,732"
"2020-01-23","768,535"
"2020-01-24","787,511"
"2020-01-25","917,032"
"2020-01-26","899,818"
"2020-01-27","796,607"
"2020-01-28","796,958"
"2020-01-29","813,248"
"2020-01-30","776,913"
"2020-01-31","803,452"
"2020-02-01","921,769"
"2020-02-02","903,413"
"2020-02-03","783,707"
"2020-02-04","777,786"
"2020-02-05","807,163"
"2020-02-06","841,858"
"2020-02-07","876,433"
"2020-02-08","952,859"
"2020-02-09","937,657"
"2020-02-10","782,095"
"2020-02-11","767,274"
"2020-02-12","771,719"
"2020-02-13","790,449"
"2020-02-14","855,380"
"2020-02-15","961,413"
"2020-02-16","945,914"
"2020-02-17","765,598"
"2020-02-18","748,306"
"2020-02-19","743,528"
"2020-02-20","775,908"
"2020-02-21","842,032"
"2020-02-22","946,251"
"2020-02-23","936,927"
"2020-02-24","781,300"
"2020-02-25","752,821"
"2020-02-26","738,224"
"2020-02-27","709,248"
"2020-02-28","780,593"
"2020-02-29","923,166"
"2020-03-01","978,560"
"2020-03-02","775,977"
"2020-03-03","746,507"
"2020-03-04","754,863"
"2020-03-05","731,460"
"2020-03-06","788,802"
"2020-03-07","934,605"
"2020-03-08","999,279"
"2020-03-09","796,027"
"2020-03-10","749,461"
"2020-03-11","750,593"
"2020-03-12","703,648"
"2020-03-13","739,013"
"2020-03-14","884,918"
"2020-03-15","948,404"
"2020-03-16","744,604"
"2020-03-17","724,131"
"2020-03-18","707,773"
"2020-03-19","709,391"
"2020-03-20","781,794"
"2020-03-21","919,319"
"2020-03-22","964,258"
"2020-03-23","794,348"
"2020-03-24","763,155"
"2020-03-25","704,209"
"2020-03-26","682,379"
"2020-03-27","706,622"
"2020-03-28","799,982"
"2020-03-29","834,301"
"2020-03-30","734,414"
"2020-03-31","737,918"
"2020-04-01","688,899"
"2020-04-02","691,508"
"2020-04-03","719,850"
"2020-04-04","791,520"
"2020-04-05","858,955"
"2020-04-06","749,635"
"2020-04-07","735,184"
"2020-04-08","700,125"
"2020-04-09","668,445"
"2020-04-10","668,524"
"2020-04-11","701,216"
"2020-04-12","731,625"
"2020-04-13","667,744"
"2020-04-14","690,599"
"2020-04-15","665,051"
"2020-04-16","678,903"
"2020-04-17","707,138"
"2020-04-18","759,037"
"2020-04-19","817,904"
"2020-04-20","720,196"
"2020-04-21","733,523"
"2020-04-22","666,071"
"2020-04-23","675,343"
"2020-04-24","695,359"
"2020-04-25","774,635"
"2020-04-26","794,876"
"2020-04-27","697,238"
"2020-04-28","706,572"
"2020-04-29","654,670"
"2020-04-30","672,635"
"2020-05-01","703,982"
"2020-05-02","800,280"
"2020-05-03","821,752"
"2020-05-04","713,843"
"2020-05-05","688,156"
"2020-05-06","626,746"
"2020-05-07","629,513"
"2020-05-08","672,285"
"2020-05-09","758,777"
"2020-05-10","769,156"
"2020-05-11","675,328"
"2020-05-12","671,913"
"2020-05-13","640,402"
"2020-05-14","665,764"
"2020-05-15","729,179"
"2020-05-16","805,743"
"2020-05-17","783,150"
"2020-05-18","703,007"
"2020-05-19","685,238"
"2020-05-20","672,994"
"2020-05-21","709,168"
"2020-05-22","737,257"
"2020-05-23","841,242"
"2020-05-24","815,849"
"2020-05-25","730,875"
"2020-05-26","695,672"
"2020-05-27","683,330"
"2020-05-28","704,393"
"2020-05-29","715,398"
"2020-05-30","823,376"
"2020-05-31","793,977"
"2020-06-01","728,763"
"2020-06-02","679,178"
"2020-06-03","658,351"
"2020-06-04","705,748"
"2020-06-05","725,373"
"2020-06-06","785,916"
"2020-06-07","784,387"
"2020-06-08","705,371"
"2020-06-09","665,760"
"2020-06-10","653,724"
"2020-06-11","698,999"
"2020-06-12","746,334"
"2020-06-13","804,636"
"2020-06-14","816,082"
"2020-06-15","729,129"
"2020-06-16","706,620"
"2020-06-17","729,461"
"2020-06-18","748,112"
"2020-06-19","781,478"
"2020-06-20","823,885"
"2020-06-21","838,875"
"2020-06-22","739,273"
"2020-06-23","704,153"
"2020-06-24","746,768"
"2020-06-25","765,138"
"2020-06-26","747,751"
"2020-06-27","803,345"
"2020-06-28","830,710"
"2020-06-29","754,079"
"2020-06-30","701,268"
"2020-07-01","731,694"
"2020-07-02","773,008"
"2020-07-03","763,633"
"2020-07-04","806,683"
"2020-07-05","803,799"
"2020-07-06","714,160"
"2020-07-07","642,850"
"2020-07-08","646,734"
"2020-07-09","690,265"
"2020-07-10","684,498"
"2020-07-11","740,573"
"2020-07-12","742,948"
"2020-07-13","664,943"
"2020-07-14","605,011"
"2020-07-15","616,662"
"2020-07-16","626,564"
"2020-07-17","667,178"
"2020-07-18","729,400"
"2020-07-19","735,333"
"2020-07-20","649,101"
"2020-07-21","591,331"
"2020-07-22","583,790"
"2020-07-23","542,687"
"2020-07-24","578,443"
"2020-07-25","651,915"
"2020-07-26","693,419"
"2020-07-27","651,258"
"2020-07-28","623,394"
"2020-07-29","620,504"
"2020-07-30","570,506"
"2020-07-31","611,109"
"2020-08-01","694,128"
"2020-08-02","737,797"
"2020-08-03","663,149"
"2020-08-04","638,648"
"2020-08-05","618,406"
"2020-08-06","568,761"
"2020-08-07","584,713"
"2020-08-08","654,763"
"2020-08-09","687,258"
"2020-08-10","630,533"
"2020-08-11","614,238"
"2020-08-12","609,642"
"2020-08-13","585,591"
"2020-08-14","613,896"
"2020-08-15","675,454"
"2020-08-16","717,414"
"2020-08-17","656,809"
"2020-08-18","662,441"
"2020-08-19","603,638"
"2020-08-20","563,599"
"2020-08-21","576,848"
"2020-08-22","608,632"
"2020-08-23","651,723"
"2020-08-24","631,197"
"2020-08-25","648,188"
"2020-08-26","586,683"
"2020-08-27","544,946"
"2020-08-28","567,332"
"2020-08-29","603,807"
"2020-08-30","654,341"
"2020-08-31","629,855"
"2020-09-01","679,425"
"2020-09-02","619,480"
"2020-09-03","599,434"
"2020-09-04","623,793"
"2020-09-05","684,406"
"2020-09-06","679,258"
"2020-09-07","615,620"
"2020-09-08","670,412"
"2020-09-09","682,661"
"2020-09-10","662,902"
"2020-09-11","662,388"
"2020-09-12","717,047"
"2020-09-13","737,897"
"2020-09-14","603,139"
"2020-09-15","636,311"
"2020-09-16","673,701"
"2020-09-17","651,992"
"2020-09-18","625,952"
"2020-09-19","694,522"
"2020-09-20","707,334"
"2020-09-21","568,063"
"2020-09-22","602,690"
"2020-09-23","629,744"
"2020-09-24","598,007"
"2020-09-25","590,230"
"2020-09-26","670,689"
"2020-09-27","705,979"
"2020-09-28","569,091"
"2020-09-29","535,479"
"2020-09-30","537,777"
"2020-10-01","560,004"
"2020-10-02","590,021"
"2020-10-03","675,403"
"2020-10-04","694,624"
"2020-10-05","599,060"
"2020-10-06","560,811"
"2020-10-07","534,776"
"2020-10-08","533,720"
"2020-10-09","584,728"
"2020-10-10","668,862"
"2020-10-11","700,221"
"2020-10-12","622,168"
"2020-10-13","591,564"
"2020-10-14","564,415"
"2020-10-15","561,400"
"2020-10-16","595,064"
"2020-10-17","652,446"
"2020-10-18","675,849"
"2020-10-19","609,484"
"2020-10-20","587,567"
"2020-10-21","549,063"
"2020-10-22","531,177"
"2020-10-23","553,240"
"2020-10-24","625,342"
"2020-10-25","647,921"
"2020-10-26","563,971"
"2020-10-27","548,587"
"2020-10-28","525,409"
"2020-10-29","526,052"
"2020-10-30","552,950"
"2020-10-31","629,741"
"2020-11-01","649,822"
"2020-11-02","572,339"
"2020-11-03","556,192"
"2020-11-04","533,491"
"2020-11-05","536,640"
"2020-11-06","584,860"
"2020-11-07","645,664"
"2020-11-08","665,757"
"2020-11-09","559,937"
"2020-11-10","537,819"
"2020-11-11","529,115"
"2020-11-12","523,477"
"2020-11-13","577,461"
"2020-11-14","650,243"
"2020-11-15","679,534"
"2020-11-16","576,768"
"2020-11-17","564,115"
"2020-11-18","557,586"
"2020-11-19","542,259"
"2020-11-20","587,859"
"2020-11-21","651,866"
"2020-11-22","674,599"
"2020-11-23","552,781"
"2020-11-24","517,454"
"2020-11-25","507,105"
"2020-11-26","509,693"
"2020-11-27","538,928"
"2020-11-28","622,750"
"2020-11-29","646,034"
"2020-11-30","546,912"
"2020-12-01","530,769"
"2020-12-02","525,302"
"2020-12-03","519,962"
"2020-12-04","537,223"
"2020-12-05","609,410"
"2020-12-06","623,616"
"2020-12-07","542,202"
"2020-12-08","525,522"
"2020-12-09","525,707"
"2020-12-10","518,186"
"2020-12-11","534,292"
"2020-12-12","605,473"
"2020-12-13","611,102"
"2020-12-14","542,099"
"2020-12-15","558,885"
"2020-12-16","559,224"
"2020-12-17","526,837"
"2020-12-18","540,179"
"2020-12-19","595,632"
"2020-12-20","615,264"
"2020-12-21","537,002"
"2020-12-22","545,263"
"2020-12-23","553,038"
"2020-12-24","552,303"
"2020-12-25","591,257"
"2020-12-26","621,379"
"2020-12-27","623,519"
"2020-12-28","534,261"
"2020-12-29","538,255"
"2020-12-30","538,651"
"2020-12-31","549,542"
"2021-01-01","600,187"
"2021-01-02","605,665"
"2021-01-03","601,838"
"2021-01-04","508,604"
"2021-01-05","513,630"
"2021-01-06","513,176"
"2021-01-07","542,589"
"2021-01-08","587,253"
"2021-01-09","602,008"
"2021-01-10","598,216"
"2021-01-11","506,106"
"2021-01-12","521,030"
"2021-01-13","509,465"
"2021-01-14","517,785"
"2021-01-15","529,981"
"2021-01-16","559,840"
"2021-01-17","581,642"
"2021-01-18","502,849"
"2021-01-19","509,521"
"2021-01-20","528,034"
"2021-01-21","515,769"
"2021-01-22","507,937"
"2021-01-23","566,961"
"2021-01-24","604,846"
"2021-01-25","532,150"
"2021-01-26","530,640"
"2021-01-27","549,242"
"2021-01-28","524,559"
"2021-01-29","503,026"
"2021-01-30","563,975"
"2021-01-31","600,133"
"2021-02-01","539,532"
"2021-02-02","521,890"
"2021-02-03","530,970"
"2021-02-04","504,775"
"2021-02-05","490,708"
"2021-02-06","577,577"
"2021-02-07","601,304"
"2021-02-08","532,097"
"2021-02-09","524,643"
"2021-02-10","507,397"
"2021-02-11","491,785"
"2021-02-12","485,225"
"2021-02-13","563,802"
"2021-02-14","576,665"
"2021-02-15","521,318"
"2021-02-16","499,083"
"2021-02-17","499,025"
"2021-02-18","494,628"
"2021-02-19","504,775"
"2021-02-20","567,371"
"2021-02-21","586,616"
"2021-02-22","540,690"
"2021-02-23","522,644"
"2021-02-24","523,356"
"2021-02-25","511,605"
"2021-02-26","510,416"
"2021-02-27","561,183"
"2021-02-28","571,167"
"2021-03-01","512,319"
"2021-03-02","498,109"
"2021-03-03","506,525"
"2021-03-04","494,378"
"2021-03-05","508,032"
"2021-03-06","564,887"
"2021-03-07","570,363"
"2021-03-08","489,346"
"2021-03-09","493,702"
"2021-03-10","579,829"
"2021-03-11","559,007"
"2021-03-12","519,848"
"2021-03-13","582,734"
"2021-03-14","565,130"
"2021-03-15","432,165"
"2021-03-16","428,171"
"2021-03-17","528,543"
"2021-03-18","516,356"
"2021-03-19","489,998"
"2021-03-20","565,106"
"2021-03-21","548,478"
"2021-03-22","443,366"
"2021-03-23","453,328"
"2021-03-24","550,852"
"2021-03-25","522,540"
"2021-03-26","496,201"
"2021-03-27","560,028"
"2021-03-28","549,737"
"2021-03-29","437,451"
"2021-03-30","436,573"
"2021-03-31","431,826"
"2021-04-01","404,949"
"2021-04-02","429,883"
"2021-04-03","505,131"
"2021-04-04","506,063"
"2021-04-05","441,333"
"2021-04-06","440,601"
"2021-04-07","441,930"
"2021-04-08","400,618"
"2021-04-09","420,716"
"2021-04-10","496,326"
"2021-04-11","514,256"
"2021-04-12","421,677"
"2021-04-13","404,351"
"2021-04-14","387,926"
"2021-04-15","371,760"
"2021-04-16","390,214"
"2021-04-17","478,403"
"2021-04-18","489,430"
"2021-04-19","428,304"
"2021-04-20","435,227"
"2021-04-21","441,508"
"2021-04-22","424,223"
"2021-04-23","442,517"
"2021-04-24","555,969"
"2021-04-25","547,558"
"2021-04-26","456,341"
"2021-04-27","453,030"
"2021-04-28","444,912"
"2021-04-29","428,076"
"2021-04-30","440,908"
"2021-05-01","534,213"
"2021-05-02","538,694"
"2021-05-03","455,945"
"2021-05-04","447,463"
"2021-05-05","444,421"
"2021-05-06","416,565"
"2021-05-07","422,703"
"2021-05-08","513,829"
"2021-05-09","526,314"
"2021-05-10","445,067"
"2021-05-11","431,643"
"2021-05-12","428,380"
"2021-05-13","412,532"
"2021-05-14","428,229"
"2021-05-15","499,938"
"2021-05-16","518,846"
"2021-05-17","434,815"
"2021-05-18","426,261"
"2021-05-19","441,147"
"2021-05-20","424,313"
"2021-05-21","441,738"
"2021-05-22","490,533"
"2021-05-23","510,454"
"2021-05-24","432,522"
"2021-05-25","424,120"
"2021-05-26","433,634"
"2021-05-27","419,813"
"2021-05-28","439,016"
"2021-05-29","494,995"
"2021-05-30","491,693"
"2021-05-31","414,808"
"2021-06-01","415,946"
"2021-06-02","423,684"
"2021-06-03","418,474"
"2021-06-04","430,438"
"2021-06-05","487,169"
"2021-06-06","487,883"
"2021-06-07","410,223"
"2021-06-08","414,965"
"2021-06-09","411,079"
"2021-06-10","402,343"
"2021-06-11","413,872"
"2021-06-12","473,365"
"2021-06-13","477,104"
"2021-06-14","402,967"
"2021-06-15","406,331"
"2021-06-16","398,951"
"2021-06-17","402,737"
"2021-06-18","410,068"
"2021-06-19","473,269"
"2021-06-20","487,999"
"2021-06-21","423,793"
"2021-06-22","432,840"
"2021-06-23","420,428"
"2021-06-24","423,728"
"2021-06-25","418,497"
"2021-06-26","473,455"
"2021-06-27","480,089"
"2021-06-28","413,784"
"2021-06-29","418,130"
"2021-06-30","409,684"
"2021-07-01","416,824"
"2021-07-02","416,665"
"2021-07-03","447,413"
"2021-07-04","457,293"
"2021-07-05","399,170"
"2021-07-06","411,526"
"2021-07-07","407,315"
"2021-07-08","408,818"
"2021-07-09","412,399"
"2021-07-10","436,077"
"2021-07-11","452,079"
"2021-07-12","398,291"
"2021-07-13","398,833"
"2021-07-14","398,072"
"2021-07-15","394,055"
"2021-07-16","404,180"
"2021-07-17","420,437"
"2021-07-18","441,135"
"2021-07-19","407,196"
"2021-07-20","398,488"
"2021-07-21","407,593"
"2021-07-22","402,065"
"2021-07-23","396,344"
"2021-07-24","417,057"
"2021-07-25","435,742"
"2021-07-26","411,316"
"2021-07-27","395,795"
"2021-07-28","409,078"
"2021-07-29","404,005"
"2021-07-30","383,617"
"2021-07-31","408,499"
"2021-08-01","425,794"
"2021-08-02","396,400"
"2021-08-03","385,961"
"2021-08-04","386,911"
"2021-08-05","378,964"
"2021-08-06","367,844"
"2021-08-07","400,748"
"2021-08-08","414,463"
"2021-08-09","383,091"
"2021-08-10","384,438"
"2021-08-11","383,279"
"2021-08-12","372,491"
"2021-08-13","364,049"
"2021-08-14","400,513"
"2021-08-15","423,815"
"2021-08-16","379,496"
"2021-08-17","394,401"
"2021-08-18","382,525"
"2021-08-19","374,639"
"2021-08-20","373,773"
"2021-08-21","403,615"
"2021-08-22","426,974"
"2021-08-23","377,542"
"2021-08-24","383,347"
"2021-08-25","371,824"
"2021-08-26","360,910"
"2021-08-27","362,787"
"2021-08-28","396,352"
"2021-08-29","416,328"
"2021-08-30","367,837"
"2021-08-31","377,811"
"2021-09-01","378,157"
"2021-09-02","374,325"
"2021-09-03","381,809"
"2021-09-04","407,886"
"2021-09-05","404,981"
"2021-09-06","368,717"
"2021-09-07","440,785"
"2021-09-08","453,618"
"2021-09-09","458,758"
"2021-09-10","459,753"
"2021-09-11","478,097"
"2021-09-12","440,612"
"2021-09-13","371,109"
"2021-09-14","396,071"
"2021-09-15","443,258"
"2021-09-16","456,962"
"2021-09-17","447,474"
"2021-09-18","475,147"
"2021-09-19","443,358"
"2021-09-20","377,961"
"2021-09-21","371,473"
"2021-09-22","391,575"
"2021-09-23","387,775"
"2021-09-24","400,475"
"2021-09-25","445,944"
"2021-09-26","425,637"
"2021-09-27","364,544"
"2021-09-28","346,986"
"2021-09-29","336,225"
"2021-09-30","338,515"
"2021-10-01","363,272"
"2021-10-02","418,255"
"2021-10-03","410,012"
"2021-10-04","367,575"
"2021-10-05","309,706"
"2021-10-06","291,340"
"2021-10-07","282,077"
"2021-10-08","318,017"
"2021-10-09","376,127"
"2021-10-10","379,556"
"2021-10-11","359,463"
"2021-10-12","311,173"
"2021-10-13","291,196"
"2021-10-14","292,737"
"2021-10-15","317,220"
"2021-10-16","365,944"
"2021-10-17","379,360"
"2021-10-18","347,237"
"2021-10-19","270,300"
"2021-10-20","263,404"
"2021-10-21","260,324"
"2021-10-22","274,830"
"2021-10-23","333,317"
"2021-10-24","361,685"
"2021-10-25","331,186"
"2021-10-26","321,515"
"2021-10-27","321,419"
"2021-10-28","329,488"
"2021-10-29","337,990"
"2021-10-30","383,866"
"2021-10-31","380,770"
"2021-11-01","323,218"
"2021-11-02","306,461"
"2021-11-03","304,456"
"2021-11-04","311,720"
"2021-11-05","322,926"
"2021-11-06","378,179"
"2021-11-07","376,580"
"2021-11-08","318,551"
"2021-11-09","302,782"
"2021-11-10","301,673"
"2021-11-11","309,033"
"2021-11-12","320,929"
"2021-11-13","376,914"
"2021-11-14","375,989"
"2021-11-15","322,683"
"2021-11-16","294,410"
"2021-11-17","288,496"
"2021-11-18","294,370"
"2021-11-19","302,833"
"2021-11-20","360,489"
"2021-11-21","367,120"
"2021-11-22","306,687"
"2021-11-23","297,136"
"2021-11-24","301,780"
"2021-11-25","304,399"
"2021-11-26","318,206"
"2021-11-27","366,856"
"2021-11-28","362,208"
"2021-11-29","302,986"
"2021-11-30","296,570"
"2021-12-01","295,549"
"2021-12-02","293,330"
"2021-12-03","314,382"
"2021-12-04","362,978"
"2021-12-05","356,781"
"2021-12-06","296,627"
"2021-12-07","303,748"
"2021-12-08","304,999"
"2021-12-09","288,105"
"2021-12-10","311,301"
"2021-12-11","355,829"
"2021-12-12","352,887"
"2021-12-13","295,811"
"2021-12-14","298,043"
"2021-12-15","299,359"
"2021-12-16","282,996"
"2021-12-17","299,467"
"2021-12-18","342,443"
"2021-12-19","349,603"
"2021-12-20","302,274"
"2021-12-21","300,523"
"2021-12-22","300,175"
"2021-12-23","285,591"
"2021-12-24","302,771"
"2021-12-25","338,266"
"2021-12-26","343,355"
"2021-12-27","304,196"
"2021-12-28","300,110"
"2021-12-29","295,934"
"2021-12-30","291,540"
"2021-12-31","300,230"
"2022-01-01","331,749"
"2022-01-02","335,539"
"2022-01-03","307,564"
"2022-01-04","291,786"
"2022-01-05","288,747"
"2022-01-06","285,671"
"2022-01-07","296,999"
"2022-01-08","334,645"
"2022-01-09","330,362"
"2022-01-10","303,773"
"2022-01-11","287,086"
"2022-01-12","282,070"
"2022-01-13","288,094"
"2022-01-14","285,597"
"2022-01-15","317,207"
"2022-01-16","316,465"
"2022-01-17","289,173"
"2022-01-18","283,477"
"2022-01-19","297,680"
"2022-01-20","314,037"
"2022-01-21","316,403"
"2022-01-22","338,250"
"2022-01-23","335,169"
"2022-01-24","296,782"
"2022-01-25","287,779"
"2022-01-26","284,861"
"2022-01-27","294,529"
"2022-01-28","281,718"
"2022-01-29","300,111"
"2022-01-30","297,505"
"2022-01-31","268,835"
"2022-02-01","268,116"
"2022-02-02","269,675"
"2022-02-03","277,771"
"2022-02-04","273,692"
"2022-02-05","290,635"
"2022-02-06","294,509"
"2022-02-07","264,086"
"2022-02-08","258,540"
"2022-02-09","245,376"
"2022-02-10","247,410"
"2022-02-11","243,918"
"2022-02-12","264,779"
"2022-02-13","262,692"
"2022-02-14","233,394"
"2022-02-15","240,038"
"2022-02-16","239,720"
"2022-02-17","249,602"
"2022-02-18","262,660"
"2022-02-19","297,278"
"2022-02-20","292,166"
"2022-02-21","246,658"
"2022-02-22","244,755"
"2022-02-23","239,436"
"2022-02-24","248,287"
"2022-02-25","260,167"
"2022-02-26","302,208"
"2022-02-27","297,395"
"2022-02-28","246,243"
"2022-03-01","244,484"
"2022-03-02","237,839"
"2022-03-03","240,561"
"2022-03-04","251,129"
"2022-03-05","298,756"
"2022-03-06","303,878"
"2022-03-07","246,325"
"2022-03-08","245,755"
"2022-03-09","235,341"
"2022-03-10","234,470"
"2022-03-11","247,270"
"2022-03-12","299,421"
"2022-03-13","300,875"
"2022-03-14","237,608"
"2022-03-15","244,258"
"2022-03-16","234,316"
"2022-03-17","230,708"
"2022-03-18","245,405"
"2022-03-19","296,683"
"2022-03-20","290,399"
"2022-03-21","224,448"
"2022-03-22","224,837"
"2022-03-23","225,895"
"2022-03-24","223,622"
"2022-03-25","241,590"
"2022-03-26","292,134"
"2022-03-27","292,245"
"2022-03-28","224,688"
"2022-03-29","222,632"
"2022-03-30","221,576"
"2022-03-31","218,841"
"2022-04-01","236,286"
"2022-04-02","282,448"
"2022-04-03","287,391"
"2022-04-04","226,318"
"2022-04-05","220,129"
"2022-04-06","216,096"
"2022-04-07","217,250"
"2022-04-08","232,776"
"2022-04-09","281,493"
"2022-04-10","280,471"
"2022-04-11","228,859"
"2022-04-12","225,399"
"2022-04-13","215,519"
"2022-04-14","227,094"
"2022-04-15","242,510"
"2022-04-16","272,033"
"2022-04-17","272,734"
"2022-04-18","224,840"
"2022-04-19","214,156"
"2022-04-20","206,042"
"2022-04-21","214,821"
"2022-04-22","234,674"
"2022-04-23","263,245"
"2022-04-24","255,489"
"2022-04-25","214,312"
"2022-04-26","200,229"
"2022-04-27","201,974"
"2022-04-28","215,469"
"2022-04-29","233,631"
"2022-04-30","257,539"
"2022-05-01","248,027"
"2022-05-02","204,099"
"2022-05-03","187,090"
"2022-05-04","189,685"
"2022-05-05","198,722"
"2022-05-06","214,373"
"2022-05-07","253,114"
"2022-05-08","246,885"
"2022-05-09","198,768"
"2022-05-10","188,072"
"2022-05-11","185,609"
"2022-05-12","203,603"
"2022-05-13","209,148"
"2022-05-14","260,815"
"2022-05-15","258,096"
"2022-05-16","201,679"
"2022-05-17","198,609"
"2022-05-18","191,963"
"2022-05-19","191,197"
"2022-05-20","197,727"
"2022-05-21","253,747"
"2022-05-22","252,027"
"2022-05-23","205,055"
"2022-05-24","213,328"
"2022-05-25","215,488"
"2022-05-26","212,691"
"2022-05-27","207,617"
"2022-05-28","251,970"
"2022-05-29","245,477"
"2022-05-30","195,204"
"2022-05-31","198,634"
"2022-06-01","202,559"
"2022-06-02","197,349"
"2022-06-03","198,686"
"2022-06-04","238,368"
"2022-06-05","239,614"
"2022-06-06","185,781"
"2022-06-07","185,665"
"2022-06-08","190,986"
"2022-06-09","191,522"
"2022-06-10","194,325"
"2022-06-11","231,826"
"2022-06-12","234,212"
"2022-06-13","177,195"
"2022-06-14","169,895"
"2022-06-15","188,475"
"2022-06-16","209,674"
"2022-06-17","221,439"
"2022-06-18","255,126"
"2022-06-19","261,228"
"2022-06-20","211,315"
"2022-06-21","199,842"
"2022-06-22","199,754"
"2022-06-23","215,782"
"2022-06-24","222,764"
"2022-06-25","247,368"
"2022-06-26","249,386"
"2022-06-27","210,366"
"2022-06-28","200,959"
"2022-06-29","202,742"
"2022-06-30","213,853"
"2022-07-01","216,199"
"2022-07-02","238,563"
"2022-07-03","241,850"
"2022-07-04","201,029"
"2022-07-05","192,871"
"2022-07-06","192,709"
"2022-07-07","192,480"
"2022-07-08","196,162"
"2022-07-09","213,560"
"2022-07-10","231,513"
"2022-07-11","209,327"
"2022-07-12","224,372"
"2022-07-13","242,826"
"2022-07-14","247,978"
"2022-07-15","243,914"
"2022-07-16","249,902"
"2022-07-17","241,892"
"2022-07-18","210,864"
"2022-07-19","227,186"
"2022-07-20","231,422"
"2022-07-21","236,396"
"2022-07-22","219,801"
"2022-07-23","223,206"
"2022-07-24","216,323"
"2022-07-25","188,003"
"2022-07-26","192,691"
"2022-07-27","198,071"
"2022-07-28","203,585"
"2022-07-29","196,404"
"2022-07-30","201,807"
"2022-07-31","195,063"
"2022-08-01","172,448"
"2022-08-02","171,561"
"2022-08-03","169,677"
"2022-08-04","166,957"
"2022-08-05","159,697"
"2022-08-06","170,326"
"2022-08-07","170,723"
"2022-08-08","152,605"
"2022-08-09","145,765"
"2022-08-10","147,776"
"2022-08-11","145,146"
"2022-08-12","150,061"
"2022-08-13","170,274"
"2022-08-14","176,197"
"2022-08-15","160,561"
"2022-08-16","156,540"
"2022-08-17","161,228"
"2022-08-18","158,722"
"2022-08-19","156,236"
"2022-08-20","182,164"
"2022-08-21","186,791"
"2022-08-22","158,001"
"2022-08-23","152,099"
"2022-08-24","154,232"
"2022-08-25","153,228"
"2022-08-26","155,961"
"2022-08-27","180,278"
"2022-08-28","185,686"
"2022-08-29","153,915"
"2022-08-30","148,250"
"2022-08-31","148,121"
"2022-09-01","148,018"
"2022-09-02","152,667"
"2022-09-03","180,008"
"2022-09-04","185,930"
"2022-09-05","145,941"
"2022-09-06","146,834"
"2022-09-07","149,322"
"2022-09-08","142,461"
"2022-09-09","149,969"
"2022-09-10","180,048"
"2022-09-11","181,905"
"2022-09-12","141,216"
"2022-09-13","142,041"
"2022-09-14","147,927"
"2022-09-15","141,354"
"2022-09-16","144,458"
"2022-09-17","177,266"
"2022-09-18","174,388"
"2022-09-19","134,202"
"2022-09-20","137,936"
"2022-09-21","146,799"
"2022-09-22","138,030"
"2022-09-23","142,930"
"2022-09-24","174,334"
"2022-09-25","168,834"
"2022-09-26","128,347"
"2022-09-27","125,758"
"2022-09-28","135,379"
"2022-09-29","134,848"
"2022-09-30","143,953"
"2022-10-01","167,424"
"2022-10-02","167,091"
"2022-10-03","129,611"
"2022-10-04","125,022"
"2022-10-05","131,633"
"2022-10-06","128,836"
"2022-10-07","137,750"
"2022-10-08","158,065"
"2022-10-09","163,350"
"2022-10-10","128,419"
"2022-10-11","124,265"
"2022-10-12","127,008"
"2022-10-13","123,930"
"2022-10-14","133,629"
"2022-10-15","148,122"
"2022-10-16","153,913"
"2022-10-17","124,339"
"2022-10-18","117,957"
"2022-10-19","122,065"
"2022-10-20","119,508"
"2022-10-21","125,104"
"2022-10-22","142,292"
"2022-10-23","146,654"
"2022-10-24","120,250"
"2022-10-25","113,790"
"2022-10-26","116,761"
"2022-10-27","115,724"
"2022-10-28","123,941"
"2022-10-29","141,511"
"2022-10-30","143,210"
"2022-10-31","116,367"
"2022-11-01","114,998"
"2022-11-02","116,781"
"2022-11-03","111,686"
"2022-11-04","118,948"
"2022-11-05","138,454"
"2022-11-06","140,889"
"2022-11-07","113,706"
"2022-11-08","112,791"
"2022-11-09","113,329"
"2022-11-10","106,345"
"2022-11-11","115,748"
"2022-11-12","139,824"
"2022-11-13","140,453"
"2022-11-14","110,700"
"2022-11-15","112,234"
"2022-11-16","107,535"
"2022-11-17","101,396"
"2022-11-18","107,675"
"2022-11-19","133,425"
"2022-11-20","133,620"
"2022-11-21","104,439"
"2022-11-22","103,147"
"2022-11-23","99,133"
"2022-11-24","100,234"
"2022-11-25","105,125"
"2022-11-26","130,048"
"2022-11-27","131,221"
"2022-11-28","102,199"
"2022-11-29","101,248"
"2022-11-30","94,608"
"2022-12-01","96,456"
"2022-12-02","100,706"
"2022-12-03","122,854"
"2022-12-04","124,092"
"2022-12-05","98,019"
"2022-12-06","95,394"
"2022-12-07","96,024"
"2022-12-08","96,284"
"2022-12-09","100,691"
"2022-12-10","120,925"
"2022-12-11","122,273"
"2022-12-12","97,581"
"2022-12-13","94,160"
"2022-12-14","93,772"
"2022-12-15","92,651"
"2022-12-16","100,398"
"2022-12-17","114,315"
"2022-12-18","115,506"
"2022-12-19","98,368"
"2022-12-20","96,391"
"2022-12-21","94,778"
"2022-12-22","95,288"
"2022-12-23","101,172"
"2022-12-24","108,640"
"2022-12-25","113,123"
"2022-12-26","102,166"
"2022-12-27","100,705"
"2022-12-28","96,454"
"2022-12-29","96,735"
"2022-12-30","99,604"
"2022-12-31","101,586"
"2023-01-01","107,043"
"2023-01-02","99,281"
"2023-01-03","97,823"
"2023-01-04","96,292"
"2023-01-05","93,619"
"2023-01-06","96,861"
"2023-01-07","98,026"
"2023-01-08","103,016"
"2023-01-09","95,175"
"2023-01-10","94,864"
"2023-01-11","92,771"
"2023-01-12","90,022"
"2023-01-13","92,404"
"2023-01-14","94,901"
"2023-01-15","96,923"
"2023-01-16","88,476"
"2023-01-17","88,611"
"2023-01-18","89,115"
"2023-01-19","86,879"
"2023-01-20","89,771"
"2023-01-21","97,242"
"2023-01-22","95,610"
"2023-01-23","86,779"
"2023-01-24","85,632"
"2023-01-25","86,336"
"2023-01-26","87,677"
"2023-01-27","88,261"
"2023-01-28","98,675"
"2023-01-29","96,633"
"2023-01-30","85,020"
"2023-01-31","84,778"
"2023-02-01","84,639"
"2023-02-02","86,555"
"2023-02-03","86,675"
"2023-02-04","96,081"
"2023-02-05","94,182"
"2023-02-06","82,523"
"2023-02-07","80,863"
"2023-02-08","79,837"
"2023-02-09","82,412"
"2023-02-10","82,831"
"2023-02-11","93,184"
"2023-02-12","93,720"
"2023-02-13","78,441"
"2023-02-14","78,377"
"2023-02-15","77,381"
"2023-02-16","78,521"
"2023-02-17","81,289"
"2023-02-18","93,963"
"2023-02-19","92,578"
"2023-02-20","79,512"
"2023-02-21","77,485"
"2023-02-22","76,130"
"2023-02-23","74,325"
"2023-02-24","79,394"
"2023-02-25","90,921"
"2023-02-26","90,545"
"2023-02-27","75,934"
"2023-02-28","74,933"
"2023-03-01","74,290"
"2023-03-02","73,484"
"2023-03-03","77,952"
"2023-03-04","90,045"
"2023-03-05","90,093"
"2023-03-06","73,036"
"2023-03-07","72,677"
"2023-03-08","70,285"
"2023-03-09","70,038"
"2023-03-10","74,849"
"2023-03-11","92,631"
"2023-03-12","90,573"
"2023-03-13","68,555"
"2023-03-14","68,618"
"2023-03-15","66,977"
"2023-03-16","68,877"
"2023-03-17","73,973"
"2023-03-18","93,397"
"2023-03-19","89,981"
"2023-03-20","68,750"
"2023-03-21","67,905"
"2023-03-22","67,754"
"2023-03-23","68,478"
"2023-03-24","72,954"
"2023-03-25","89,936"
"2023-03-26","87,685"
"2023-03-27","68,455"
"2023-03-28","69,484"
"2023-03-29","67,326"
"2023-03-30","66,187"
"2023-03-31","71,268"
"2023-04-01","87,215"
"2023-04-02","84,424"
"2023-04-03","65,910"
"2023-04-04","66,579"
"2023-04-05","68,518"
"2023-04-06","67,101"
"2023-04-07","71,745"
"2023-04-08","84,282"
"2023-04-09","80,387"
"2023-04-10","62,714"
"2023-04-11","66,275"
"2023-04-12","69,487"
"2023-04-13","67,524"
"2023-04-14","70,639"
"2023-04-15","83,724"
"2023-04-16","80,260"
"2023-04-17","59,637"
"2023-04-18","63,905"
"2023-04-19","67,837"
"2023-04-20","66,712"
"2023-04-21","70,985"
"2023-04-22","79,853"
"2023-04-23","76,969"
"2023-04-24","57,908"
"2023-04-25","63,251"
"2023-04-26","65,508"
"2023-04-27","67,051"
"2023-04-28","70,019"
"2023-04-29","81,079"
"2023-04-30","80,712"
"2023-05-01","64,341"
"2023-05-02","62,173"
"2023-05-03","61,137"
"2023-05-04","63,990"
"2023-05-05","65,832"
"2023-05-06","74,550"
"2023-05-07","77,460"
"2023-05-08","63,758"
"2023-05-09","60,687"
"2023-05-10","58,980"
"2023-05-11","62,348"
"2023-05-12","64,944"
"2023-05-13","75,026"
"2023-05-14","78,277"
"2023-05-15","66,114"
"2023-05-16","59,358"
"2023-05-17","60,211"
"2023-05-18","58,924"
"2023-05-19","61,838"
"2023-05-20","72,644"
"2023-05-21","72,514"
"2023-05-22","59,694"
"2023-05-23","59,342"
"2023-05-24","61,769"
"2023-05-25","60,009"
"2023-05-26","63,146"
"2023-05-27","77,382"
"2023-05-28","74,977"
"2023-05-29","61,701"
"2023-05-30","56,259"
"2023-05-31","58,537"
"2023-06-01","55,840"
"2023-06-02","59,191"
"2023-06-03","73,398"
"2023-06-04","70,898"
"2023-06-05","58,957"
"2023-06-06","55,865"
"2023-06-07","57,118"
"2023-06-08","59,807"
"2023-06-09","61,138"
"2023-06-10","71,380"
"2023-06-11","68,969"
"2023-06-12","58,143"
"2023-06-13","55,320"
"2023-06-14","58,025"
"2023-06-15","59,079"
"2023-06-16","60,446"
"2023-06-17","68,270"
"2023-06-18","68,117"
"2023-06-19","56,232"
"2023-06-20","56,583"
"2023-06-21","58,663"
"2023-06-22","60,874"
"2023-06-23","61,577"
"2023-06-24","67,112"
"2023-06-25","68,973"
"2023-06-26","56,545"
"2023-06-27","56,244"
"2023-06-28","56,994"
"2023-06-29","60,440"
"2023-06-30","61,245"
"2023-07-01","65,642"
"2023-07-02","69,134"
"2023-07-03","56,280"
"2023-07-04","55,404"
"2023-07-05","56,837"
"2023-07-06","58,209"
"2023-07-07","57,686"
"2023-07-08","60,787"
"2023-07-09","64,430"
"2023-07-10","54,081"
"2023-07-11","54,493"
"2023-07-12","57,804"
"2023-07-13","56,537"
"2023-07-14","55,722"
"2023-07-15","58,749"
"2023-07-16","61,898"
"2023-07-17","55,293"
"2023-07-18","56,347"
"2023-07-19","57,860"
"2023-07-20","55,719"
"2023-07-21","53,221"
"2023-07-22","57,774"
"2023-07-23","59,366"
"2023-07-24","55,442"
"2023-07-25","54,306"
"2023-07-26","57,413"
"2023-07-27","55,711"
"2023-07-28","54,241"
"2023-07-29","57,935"
"2023-07-30","61,340"
"2023-07-31","56,008"
"2023-08-01","54,711"
"2023-08-02","55,069"
"2023-08-03","55,977"
"2023-08-04","54,794"
"2023-08-05","57,895"
"2023-08-06","60,645"
"2023-08-07","55,654"
"2023-08-08","51,836"
"2023-08-09","54,329"
